Student_ID,Student_Name,Tutor_ID,Tutor_Name,Session_Date,Session_Duration,Engagement_Score,Outcome_Score,Feedback_Score
1,Student 1,4,Tutor E,2024-12-21,75,1,6,3
2,Student 2,5,Tutor D,2024-11-19,60,1,3,3
3,Student 3,3,Tutor C,2024-05-12,90,1,5,1
4,Student 4,5,Tutor A,2024-10-19,75,5,8,4
5,Student 5,5,Tutor E,2024-11-23,75,3,6,4
6,Student 6,2,Tutor A,2024-05-06,120,3,4,1
7,Student 7,3,Tutor E,2024-04-15,120,1,2,1
8,Student 8,3,Tutor B,2024-04-01,75,5,9,3
9,Student 9,3,Tutor A,2024-10-13,120,3,1,5
10,Student 10,5,Tutor B,2024-02-20,90,3,1,3
11,Student 11,4,Tutor A,2024-01-29,45,3,4,1
12,Student 12,3,Tutor C,2024-10-22,90,5,7,4
13,Student 13,5,Tutor D,2024-10-23,75,5,1,3
14,Student 14,2,Tutor B,2024-08-01,75,1,9,5
15,Student 15,4,Tutor E,2024-09-23,90,4,4,3
16,Student 16,2,Tutor C,2024-09-13,120,3,3,2
17,Student 17,4,Tutor A,2024-10-28,120,4,1,3
18,Student 18,5,Tutor B,2024-04-10,75,5,10,1
19,Student 19,1,Tutor A,2024-12-11,60,5,4,4
20,Student 20,4,Tutor A,2024-04-19,120,5,9,4
21,Student 21,2,Tutor A,2024-06-30,90,4,10,1
22,Student 22,5,Tutor D,2024-11-08,120,5,6,2
23,Student 23,4,Tutor D,2024-01-01,90,1,6,1
24,Student 24,1,Tutor E,2024-11-14,75,5,1,3
25,Student 25,1,Tutor B,2024-02-24,120,2,10,1
26,Student 26,3,Tutor C,2024-05-28,90,4,2,1
27,Student 27,3,Tutor C,2024-11-04,75,2,6,2
28,Student 28,2,Tutor C,2024-05-16,60,5,2,3
29,Student 29,4,Tutor A,2024-07-20,90,1,3,5
30,Student 30,4,Tutor D,2024-11-08,60,3,4,5
31,Student 31,3,Tutor B,2024-04-26,60,5,5,4
32,Student 32,4,Tutor A,2024-06-02,45,1,9,1
33,Student 33,4,Tutor D,2024-10-17,120,4,4,4
34,Student 34,1,Tutor D,2024-03-03,90,2,9,2
35,Student 35,3,Tutor B,2024-08-31,60,2,10,5
36,Student 36,5,Tutor B,2024-01-25,45,2,3,1
37,Student 37,3,Tutor B,2024-03-30,75,4,8,2
38,Student 38,5,Tutor A,2024-03-15,90,1,1,2
39,Student 39,1,Tutor E,2024-10-20,60,4,9,1
40,Student 40,2,Tutor B,2024-07-28,120,2,9,2
41,Student 41,4,Tutor E,2024-12-12,45,5,10,1
42,Student 42,1,Tutor A,2024-01-17,60,3,2,1
43,Student 43,4,Tutor E,2024-05-07,120,4,4,3
44,Student 44,2,Tutor C,2024-12-29,60,4,8,4
45,Student 45,2,Tutor E,2024-09-07,90,1,7,2
46,Student 46,1,Tutor B,2024-06-27,90,1,1,2
47,Student 47,2,Tutor A,2024-06-30,90,4,5,3
48,Student 48,5,Tutor B,2024-05-31,45,2,7,3
49,Student 49,2,Tutor C,2024-01-25,90,3,4,3
50,Student 50,4,Tutor B,2024-06-28,120,1,1,5
51,Student 51,4,Tutor B,2024-07-16,60,2,9,5
52,Student 52,4,Tutor B,2024-12-09,75,5,5,5
53,Student 53,4,Tutor D,2024-06-09,120,1,2,1
54,Student 54,5,Tutor C,2024-06-25,120,2,8,2
55,Student 55,3,Tutor B,2024-10-11,90,2,2,4
56,Student 56,1,Tutor B,2024-03-03,45,3,3,1
57,Student 57,4,Tutor B,2024-05-29,60,3,10,2
58,Student 58,2,Tutor A,2024-06-02,45,5,1,2
59,Student 59,4,Tutor D,2024-06-04,60,2,2,3
60,Student 60,2,Tutor A,2024-02-18,60,2,7,3
61,Student 61,2,Tutor D,2024-12-02,45,3,10,1
62,Student 62,4,Tutor B,2024-03-24,120,1,2,3
63,Student 63,5,Tutor C,2024-12-26,60,1,6,2
64,Student 64,2,Tutor E,2024-06-25,45,4,3,3
65,Student 65,2,Tutor E,2024-05-27,60,3,4,5
66,Student 66,4,Tutor B,2024-04-27,75,4,8,3
67,Student 67,2,Tutor A,2024-12-07,120,3,3,2
68,Student 68,2,Tutor C,2024-03-03,90,5,10,1
69,Student 69,4,Tutor D,2024-07-07,60,2,6,4
70,Student 70,4,Tutor B,2024-12-25,75,5,1,3
71,Student 71,1,Tutor C,2024-02-18,90,3,7,2
72,Student 72,5,Tutor C,2024-11-22,90,2,8,4
73,Student 73,5,Tutor D,2024-09-13,60,1,8,4
74,Student 74,2,Tutor C,2024-08-11,45,1,3,5
75,Student 75,5,Tutor A,2024-05-20,60,4,10,4
76,Student 76,2,Tutor A,2024-08-02,75,3,1,2
77,Student 77,1,Tutor A,2024-07-29,90,3,9,2
78,Student 78,4,Tutor C,2024-11-13,60,1,6,3
79,Student 79,4,Tutor A,2024-02-01,45,5,9,3
80,Student 80,4,Tutor D,2024-06-06,60,2,7,3
81,Student 81,5,Tutor C,2024-10-11,120,5,1,4
82,Student 82,1,Tutor E,2024-10-31,45,5,1,4
83,Student 83,5,Tutor C,2024-10-12,75,1,6,5
84,Student 84,5,Tutor D,2024-05-23,90,1,5,3
85,Student 85,1,Tutor E,2024-01-19,60,1,9,1
86,Student 86,1,Tutor C,2024-01-18,45,4,2,5
87,Student 87,1,Tutor A,2024-09-13,120,5,8,1
88,Student 88,1,Tutor B,2024-03-18,45,3,5,4
89,Student 89,4,Tutor B,2024-06-23,120,2,2,5
90,Student 90,3,Tutor A,2024-07-12,75,4,10,5
91,Student 91,3,Tutor B,2024-04-22,90,3,6,2
92,Student 92,1,Tutor B,2024-04-23,75,5,10,4
93,Student 93,3,Tutor A,2024-08-09,60,1,8,4
94,Student 94,3,Tutor A,2024-06-14,45,5,4,5
95,Student 95,1,Tutor C,2024-11-14,120,2,2,4
96,Student 96,3,Tutor C,2024-05-11,120,4,5,5
97,Student 97,5,Tutor A,2024-09-20,45,4,2,2
98,Student 98,2,Tutor D,2024-02-24,45,2,2,5
99,Student 99,2,Tutor B,2024-12-24,60,3,6,4
100,Student 100,1,Tutor C,2024-05-10,75,3,10,4
101,Student 101,4,Tutor B,2024-10-14,120,4,9,5
102,Student 102,1,Tutor E,2024-09-22,60,4,4,5
103,Student 103,4,Tutor A,2024-12-31,75,1,6,5
104,Student 104,2,Tutor D,2024-06-10,60,3,7,3
105,Student 105,1,Tutor E,2024-03-27,120,2,6,4
106,Student 106,5,Tutor E,2024-02-24,45,3,8,4
107,Student 107,3,Tutor E,2024-10-14,45,1,4,3
108,Student 108,4,Tutor A,2024-06-26,75,4,1,5
109,Student 109,3,Tutor C,2024-12-14,90,4,7,2
110,Student 110,3,Tutor A,2024-01-08,75,1,3,5
111,Student 111,1,Tutor C,2024-11-16,90,2,6,5
112,Student 112,3,Tutor E,2024-11-08,60,4,2,3
113,Student 113,5,Tutor E,2024-09-03,60,5,9,4
114,Student 114,3,Tutor D,2024-11-18,120,4,1,5
115,Student 115,1,Tutor C,2024-09-11,90,5,6,4
116,Student 116,5,Tutor E,2024-11-23,120,1,6,1
117,Student 117,2,Tutor B,2024-02-23,45,1,5,4
118,Student 118,3,Tutor D,2024-09-05,90,4,5,2
119,Student 119,1,Tutor A,2024-08-26,75,3,1,2
120,Student 120,2,Tutor D,2024-08-16,45,5,10,5
121,Student 121,2,Tutor B,2024-03-07,45,2,5,4
122,Student 122,4,Tutor C,2024-02-20,75,4,2,5
123,Student 123,5,Tutor A,2024-04-06,45,2,7,3
124,Student 124,3,Tutor A,2024-04-01,90,4,3,2
125,Student 125,1,Tutor C,2024-09-20,120,3,4,5
126,Student 126,4,Tutor D,2024-10-17,45,3,3,3
127,Student 127,5,Tutor E,2024-04-05,90,3,3,5
128,Student 128,4,Tutor D,2024-03-28,60,3,4,4
129,Student 129,5,Tutor B,2024-03-18,90,1,5,4
130,Student 130,5,Tutor E,2024-10-14,120,1,1,4
131,Student 131,3,Tutor D,2024-04-29,90,5,4,4
132,Student 132,5,Tutor C,2024-10-28,75,2,8,1
133,Student 133,4,Tutor B,2024-06-13,120,4,10,3
134,Student 134,5,Tutor B,2024-06-30,60,4,7,3
135,Student 135,3,Tutor B,2024-08-10,75,1,9,4
136,Student 136,3,Tutor E,2024-11-06,90,4,5,1
137,Student 137,4,Tutor A,2024-01-07,120,1,10,4
138,Student 138,2,Tutor E,2024-11-25,60,5,4,1
139,Student 139,2,Tutor D,2024-09-19,75,2,8,4
140,Student 140,5,Tutor A,2024-06-09,60,5,9,2
141,Student 141,1,Tutor D,2024-05-30,90,3,7,2
142,Student 142,5,Tutor A,2024-03-25,60,3,7,5
143,Student 143,4,Tutor E,2024-05-26,45,3,5,4
144,Student 144,4,Tutor B,2024-04-21,75,5,4,3
145,Student 145,4,Tutor C,2024-02-05,60,4,10,5
146,Student 146,4,Tutor B,2024-10-11,90,2,1,2
147,Student 147,4,Tutor E,2024-07-06,90,3,10,4
148,Student 148,3,Tutor A,2024-03-22,60,3,10,5
149,Student 149,2,Tutor B,2024-01-02,90,3,7,4
150,Student 150,4,Tutor E,2024-10-29,120,2,1,2
151,Student 151,1,Tutor D,2024-07-15,120,3,1,5
152,Student 152,1,Tutor C,2024-01-11,120,2,5,2
153,Student 153,1,Tutor B,2024-08-21,45,3,9,1
154,Student 154,1,Tutor A,2024-07-13,60,5,6,2
155,Student 155,3,Tutor D,2024-04-28,45,5,3,4
156,Student 156,1,Tutor E,2024-01-20,90,2,3,3
157,Student 157,4,Tutor C,2024-09-17,45,5,7,2
158,Student 158,5,Tutor A,2024-10-19,90,2,6,3
159,Student 159,1,Tutor E,2024-09-12,90,5,9,1
160,Student 160,3,Tutor E,2024-08-09,75,5,6,5
161,Student 161,3,Tutor B,2024-08-13,120,2,5,5
162,Student 162,1,Tutor B,2024-02-22,90,4,10,3
163,Student 163,5,Tutor A,2024-12-20,75,5,7,5
164,Student 164,1,Tutor E,2024-12-07,120,3,1,2
165,Student 165,3,Tutor B,2024-12-29,90,4,7,3
166,Student 166,2,Tutor C,2024-10-06,90,2,3,4
167,Student 167,4,Tutor C,2024-03-21,45,4,9,2
168,Student 168,3,Tutor E,2024-07-20,45,1,6,2
169,Student 169,1,Tutor B,2024-06-06,120,1,9,2
170,Student 170,4,Tutor A,2024-04-29,90,5,5,4
171,Student 171,1,Tutor A,2024-02-28,60,5,7,1
172,Student 172,1,Tutor A,2024-08-02,45,3,4,5
173,Student 173,2,Tutor C,2024-05-07,120,4,7,3
174,Student 174,4,Tutor B,2024-08-11,90,1,1,1
175,Student 175,4,Tutor B,2024-07-27,90,5,7,3
176,Student 176,2,Tutor C,2024-04-24,60,4,8,5
177,Student 177,3,Tutor A,2024-07-27,120,5,5,4
178,Student 178,1,Tutor A,2024-01-14,90,5,2,2
179,Student 179,5,Tutor E,2024-01-09,45,1,5,2
180,Student 180,1,Tutor D,2024-02-09,60,1,6,4
181,Student 181,1,Tutor B,2024-08-24,120,5,2,1
182,Student 182,3,Tutor B,2024-10-07,60,2,6,1
183,Student 183,1,Tutor B,2024-12-24,45,5,6,3
184,Student 184,2,Tutor D,2024-07-19,120,5,1,4
185,Student 185,2,Tutor E,2024-09-02,60,3,1,1
186,Student 186,4,Tutor D,2024-10-04,75,3,10,4
187,Student 187,5,Tutor A,2024-08-22,45,3,3,5
188,Student 188,1,Tutor A,2024-01-04,45,2,10,2
189,Student 189,1,Tutor B,2024-06-02,45,2,10,2
190,Student 190,3,Tutor C,2024-01-29,75,5,3,2
191,Student 191,2,Tutor B,2024-04-18,75,3,4,4
192,Student 192,5,Tutor C,2024-04-07,90,2,2,4
193,Student 193,4,Tutor D,2024-08-02,60,1,9,3
194,Student 194,2,Tutor A,2024-10-19,90,5,10,2
195,Student 195,4,Tutor C,2024-03-15,60,4,7,3
196,Student 196,3,Tutor D,2024-11-21,75,5,7,2
197,Student 197,3,Tutor A,2024-05-25,75,4,6,3
198,Student 198,1,Tutor C,2024-05-07,90,3,3,3
199,Student 199,5,Tutor B,2024-12-06,120,4,6,5
200,Student 200,4,Tutor B,2024-02-11,90,3,8,3
201,Student 201,2,Tutor B,2024-12-21,60,1,8,4
202,Student 202,3,Tutor D,2024-02-10,90,4,9,3
203,Student 203,1,Tutor B,2024-02-03,45,5,1,2
204,Student 204,1,Tutor E,2024-01-17,60,3,1,3
205,Student 205,4,Tutor A,2024-06-13,60,5,3,1
206,Student 206,3,Tutor D,2024-06-01,120,2,3,2
207,Student 207,5,Tutor B,2024-03-16,75,3,10,1
208,Student 208,3,Tutor A,2024-03-27,60,4,8,2
209,Student 209,4,Tutor C,2024-04-26,75,3,10,4
210,Student 210,4,Tutor B,2024-12-27,90,5,1,4
211,Student 211,3,Tutor A,2024-12-07,45,1,2,4
212,Student 212,4,Tutor E,2024-01-27,120,3,2,1
213,Student 213,3,Tutor C,2024-11-08,75,4,3,5
214,Student 214,2,Tutor E,2024-10-13,60,2,6,2
215,Student 215,3,Tutor A,2024-05-13,75,1,1,4
216,Student 216,3,Tutor E,2024-08-06,60,2,2,2
217,Student 217,4,Tutor A,2024-06-16,75,3,1,1
218,Student 218,4,Tutor A,2024-04-07,60,5,5,5
219,Student 219,1,Tutor E,2024-09-24,90,5,7,1
220,Student 220,1,Tutor A,2024-08-24,60,4,8,2
221,Student 221,2,Tutor B,2024-11-04,60,5,10,5
222,Student 222,1,Tutor A,2024-06-21,45,1,1,5
223,Student 223,3,Tutor D,2024-07-08,60,5,7,1
224,Student 224,4,Tutor A,2024-05-01,45,4,5,4
225,Student 225,1,Tutor D,2024-02-15,120,3,10,2
226,Student 226,1,Tutor A,2024-03-04,45,3,1,3
227,Student 227,2,Tutor A,2024-05-09,90,5,3,3
228,Student 228,2,Tutor E,2024-11-05,45,2,7,1
229,Student 229,3,Tutor B,2024-12-28,120,3,10,2
230,Student 230,4,Tutor B,2024-07-11,90,5,1,2
231,Student 231,2,Tutor C,2024-11-02,75,4,7,1
232,Student 232,1,Tutor E,2024-06-29,75,5,5,2
233,Student 233,4,Tutor E,2024-10-18,45,3,1,4
234,Student 234,4,Tutor B,2024-10-08,45,4,1,1
235,Student 235,1,Tutor E,2024-01-29,120,5,1,4
236,Student 236,2,Tutor B,2024-05-28,120,1,9,2
237,Student 237,1,Tutor E,2024-09-23,60,4,3,1
238,Student 238,4,Tutor A,2024-10-22,120,1,5,2
239,Student 239,5,Tutor B,2024-01-11,60,2,10,1
240,Student 240,5,Tutor B,2024-06-12,90,4,9,2
241,Student 241,3,Tutor D,2024-04-22,45,1,6,4
242,Student 242,1,Tutor E,2024-07-05,90,3,9,4
243,Student 243,1,Tutor E,2024-10-21,120,3,8,2
244,Student 244,3,Tutor B,2024-08-19,90,2,8,1
245,Student 245,3,Tutor A,2024-08-14,90,4,1,3
246,Student 246,3,Tutor A,2024-11-05,90,4,9,4
247,Student 247,4,Tutor A,2024-04-07,120,4,6,4
248,Student 248,1,Tutor E,2024-02-24,90,2,9,3
249,Student 249,4,Tutor D,2024-04-20,60,4,3,2
250,Student 250,3,Tutor B,2024-05-31,120,3,3,1
251,Student 251,1,Tutor C,2024-09-02,90,1,6,2
252,Student 252,4,Tutor D,2024-03-09,120,3,9,5
253,Student 253,4,Tutor C,2024-11-07,75,3,7,4
254,Student 254,3,Tutor D,2024-10-15,60,1,3,5
255,Student 255,1,Tutor A,2024-09-06,90,3,3,4
256,Student 256,3,Tutor E,2024-02-05,75,2,2,4
257,Student 257,1,Tutor C,2024-08-26,75,1,9,5
258,Student 258,5,Tutor D,2024-05-27,120,3,3,5
259,Student 259,2,Tutor E,2024-08-14,75,5,5,2
260,Student 260,2,Tutor C,2024-08-31,60,3,9,5
261,Student 261,2,Tutor B,2024-12-02,60,2,8,2
262,Student 262,3,Tutor D,2024-12-30,45,4,2,2
263,Student 263,5,Tutor B,2024-07-19,60,3,3,2
264,Student 264,1,Tutor A,2024-06-02,75,4,2,4
265,Student 265,4,Tutor B,2024-03-13,60,5,8,4
266,Student 266,1,Tutor B,2024-07-19,120,3,6,5
267,Student 267,4,Tutor D,2024-10-22,45,1,6,4
268,Student 268,1,Tutor A,2024-01-17,75,4,9,5
269,Student 269,5,Tutor B,2024-05-08,45,5,8,4
270,Student 270,4,Tutor E,2024-08-04,75,1,4,1
271,Student 271,3,Tutor C,2024-03-01,120,1,4,1
272,Student 272,1,Tutor B,2024-04-13,45,1,9,5
273,Student 273,1,Tutor A,2024-02-11,90,1,1,4
274,Student 274,4,Tutor B,2024-01-25,75,3,2,4
275,Student 275,3,Tutor C,2024-02-08,90,3,2,2
276,Student 276,3,Tutor A,2024-10-17,45,3,6,3
277,Student 277,5,Tutor D,2024-05-10,90,5,4,5
278,Student 278,3,Tutor A,2024-08-16,90,5,10,3
279,Student 279,3,Tutor D,2024-04-17,45,5,3,3
280,Student 280,3,Tutor A,2024-06-20,120,2,3,5
281,Student 281,2,Tutor C,2024-04-11,90,5,3,4
282,Student 282,5,Tutor C,2024-12-19,90,3,6,5
283,Student 283,1,Tutor A,2024-01-12,120,3,8,3
284,Student 284,4,Tutor B,2024-10-01,90,2,7,4
285,Student 285,1,Tutor C,2024-04-10,90,2,4,1
286,Student 286,5,Tutor D,2024-02-13,90,5,4,5
287,Student 287,4,Tutor D,2024-10-31,60,4,10,5
288,Student 288,5,Tutor E,2024-01-17,120,2,2,4
289,Student 289,3,Tutor D,2024-11-25,90,1,1,1
290,Student 290,4,Tutor E,2024-02-26,120,3,9,1
291,Student 291,3,Tutor A,2024-11-06,75,1,2,4
292,Student 292,1,Tutor A,2024-10-29,75,3,8,2
293,Student 293,1,Tutor A,2024-01-12,90,3,9,5
294,Student 294,4,Tutor B,2024-11-13,120,2,4,5
295,Student 295,4,Tutor B,2024-03-20,120,2,8,3
296,Student 296,5,Tutor E,2024-08-03,120,1,9,4
297,Student 297,5,Tutor D,2024-12-04,60,3,10,3
298,Student 298,3,Tutor D,2024-09-20,75,1,10,3
299,Student 299,4,Tutor A,2024-05-28,120,4,5,1
300,Student 300,1,Tutor C,2024-03-21,120,1,7,5
301,Student 301,5,Tutor B,2024-08-02,60,5,10,3
302,Student 302,5,Tutor B,2024-07-16,60,1,4,1
303,Student 303,1,Tutor A,2024-07-18,120,5,1,4
304,Student 304,5,Tutor B,2024-01-25,45,5,3,3
305,Student 305,3,Tutor A,2024-03-29,120,5,5,5
306,Student 306,4,Tutor E,2024-09-24,120,4,3,3
307,Student 307,1,Tutor D,2024-05-22,60,1,7,4
308,Student 308,4,Tutor C,2024-02-28,60,1,9,3
309,Student 309,5,Tutor D,2024-12-30,120,4,6,5
310,Student 310,5,Tutor D,2024-01-26,120,3,10,1
311,Student 311,1,Tutor E,2024-02-16,120,2,1,5
312,Student 312,3,Tutor B,2024-10-14,60,1,7,1
313,Student 313,2,Tutor C,2024-09-22,120,2,3,2
314,Student 314,1,Tutor B,2024-01-16,120,4,5,5
315,Student 315,2,Tutor D,2024-07-17,90,3,10,5
316,Student 316,2,Tutor A,2024-10-08,45,3,4,4
317,Student 317,3,Tutor D,2024-03-26,75,3,10,3
318,Student 318,2,Tutor B,2024-09-06,45,4,5,1
319,Student 319,2,Tutor D,2024-09-26,90,5,5,1
320,Student 320,3,Tutor A,2024-11-30,75,5,6,4
321,Student 321,2,Tutor E,2024-04-26,120,2,10,4
322,Student 322,2,Tutor B,2024-01-07,90,5,10,3
323,Student 323,2,Tutor D,2024-05-16,120,5,6,3
324,Student 324,1,Tutor B,2024-06-24,60,3,8,5
325,Student 325,1,Tutor E,2024-11-23,90,3,8,2
326,Student 326,1,Tutor D,2024-11-10,60,2,9,3
327,Student 327,3,Tutor D,2024-08-02,90,1,8,4
328,Student 328,5,Tutor B,2024-03-22,90,2,2,3
329,Student 329,2,Tutor B,2024-08-10,60,2,10,1
330,Student 330,2,Tutor A,2024-04-12,75,4,1,2
331,Student 331,3,Tutor E,2024-09-29,45,4,10,5
332,Student 332,2,Tutor A,2024-01-14,120,2,2,1
333,Student 333,1,Tutor D,2024-06-07,90,2,2,1
334,Student 334,5,Tutor B,2024-05-31,120,2,3,2
335,Student 335,4,Tutor D,2024-04-17,60,5,10,5
336,Student 336,2,Tutor D,2024-07-06,120,4,7,4
337,Student 337,1,Tutor C,2024-10-27,60,2,2,5
338,Student 338,4,Tutor C,2024-04-07,120,3,1,3
339,Student 339,5,Tutor D,2024-05-10,45,3,6,1
340,Student 340,4,Tutor B,2024-10-19,45,5,9,3
341,Student 341,1,Tutor D,2024-06-19,45,5,3,4
342,Student 342,4,Tutor C,2024-07-01,45,1,6,3
343,Student 343,3,Tutor B,2024-12-29,45,1,3,5
344,Student 344,4,Tutor D,2024-02-08,45,1,1,3
345,Student 345,2,Tutor E,2024-01-15,60,5,5,4
346,Student 346,2,Tutor E,2024-01-04,90,5,10,4
347,Student 347,3,Tutor D,2024-12-14,120,5,4,4
348,Student 348,1,Tutor B,2024-07-28,45,3,7,5
349,Student 349,2,Tutor D,2024-06-09,60,5,6,4
350,Student 350,5,Tutor D,2024-01-16,60,3,10,1
351,Student 351,2,Tutor C,2024-04-17,60,1,7,4
352,Student 352,2,Tutor E,2024-11-06,90,1,5,3
353,Student 353,1,Tutor C,2024-08-14,120,1,4,3
354,Student 354,4,Tutor C,2024-06-18,90,2,7,3
355,Student 355,2,Tutor D,2024-02-03,75,2,7,5
356,Student 356,3,Tutor C,2024-09-07,60,4,6,3
357,Student 357,4,Tutor E,2024-09-03,75,4,8,5
358,Student 358,5,Tutor C,2024-09-25,45,4,4,5
359,Student 359,1,Tutor E,2024-05-20,45,2,10,4
360,Student 360,5,Tutor C,2024-09-30,90,2,5,1
361,Student 361,4,Tutor E,2024-04-05,120,4,4,4
362,Student 362,4,Tutor C,2024-08-14,75,4,1,4
363,Student 363,4,Tutor C,2024-02-08,120,5,8,5
364,Student 364,5,Tutor B,2024-10-28,90,4,1,5
365,Student 365,4,Tutor E,2024-01-29,45,5,5,3
366,Student 366,5,Tutor E,2024-11-13,120,3,6,3
367,Student 367,4,Tutor E,2024-09-01,120,2,6,4
368,Student 368,3,Tutor A,2024-08-23,45,4,5,2
369,Student 369,4,Tutor C,2024-07-03,75,2,3,2
370,Student 370,5,Tutor E,2024-09-28,45,2,5,3
371,Student 371,2,Tutor A,2024-08-23,120,2,8,2
372,Student 372,4,Tutor B,2024-08-26,75,3,2,3
373,Student 373,2,Tutor E,2024-09-22,75,1,6,5
374,Student 374,3,Tutor E,2024-12-24,45,4,9,4
375,Student 375,1,Tutor A,2024-12-05,120,1,8,1
376,Student 376,3,Tutor C,2024-03-05,90,1,8,4
377,Student 377,4,Tutor B,2024-06-25,120,1,8,3
378,Student 378,2,Tutor E,2024-01-03,60,2,7,3
379,Student 379,2,Tutor C,2024-05-21,90,5,8,4
380,Student 380,5,Tutor B,2024-06-06,75,2,6,3
381,Student 381,2,Tutor D,2024-11-19,90,2,2,2
382,Student 382,5,Tutor D,2024-05-25,75,1,2,2
383,Student 383,1,Tutor B,2024-10-19,75,2,8,3
384,Student 384,4,Tutor A,2024-06-01,90,1,1,3
385,Student 385,5,Tutor B,2024-07-11,75,5,6,2
386,Student 386,1,Tutor B,2024-03-13,75,4,6,3
387,Student 387,2,Tutor A,2024-10-31,60,1,4,3
388,Student 388,2,Tutor A,2024-12-09,120,5,10,4
389,Student 389,1,Tutor C,2024-05-19,120,4,3,1
390,Student 390,2,Tutor C,2024-07-05,60,3,3,2
391,Student 391,1,Tutor A,2024-10-19,90,1,1,4
392,Student 392,5,Tutor D,2024-03-01,45,1,3,1
393,Student 393,5,Tutor D,2024-07-16,45,3,4,3
394,Student 394,1,Tutor B,2024-10-21,45,3,5,3
395,Student 395,5,Tutor E,2024-11-14,60,1,3,4
396,Student 396,5,Tutor B,2024-10-28,60,3,6,3
397,Student 397,5,Tutor B,2024-12-09,75,2,5,5
398,Student 398,3,Tutor E,2024-01-11,45,4,3,4
399,Student 399,4,Tutor A,2024-03-02,90,4,6,1
400,Student 400,2,Tutor D,2024-11-28,90,4,6,4
401,Student 401,3,Tutor B,2024-08-13,45,2,8,2
402,Student 402,5,Tutor E,2024-06-01,45,3,2,4
403,Student 403,1,Tutor C,2024-07-17,45,5,1,3
404,Student 404,5,Tutor B,2024-02-21,60,3,4,3
405,Student 405,4,Tutor D,2024-09-16,60,1,7,5
406,Student 406,5,Tutor A,2024-02-28,60,4,10,5
407,Student 407,1,Tutor B,2024-03-12,120,3,3,5
408,Student 408,4,Tutor B,2024-05-27,90,5,3,1
409,Student 409,5,Tutor E,2024-12-14,90,1,5,5
410,Student 410,4,Tutor C,2024-03-03,75,2,5,1
411,Student 411,2,Tutor C,2024-11-05,60,2,10,5
412,Student 412,2,Tutor A,2024-08-30,120,5,3,1
413,Student 413,5,Tutor D,2024-12-31,120,1,9,4
414,Student 414,4,Tutor A,2024-11-25,90,4,4,4
415,Student 415,1,Tutor B,2024-04-16,60,3,3,3
416,Student 416,5,Tutor B,2024-08-13,75,1,2,1
417,Student 417,2,Tutor C,2024-11-08,60,2,10,2
418,Student 418,2,Tutor D,2024-08-05,45,5,9,3
419,Student 419,5,Tutor E,2024-08-28,60,5,4,4
420,Student 420,4,Tutor D,2024-09-15,45,3,3,1
421,Student 421,2,Tutor B,2024-09-18,45,5,7,5
422,Student 422,4,Tutor E,2024-01-05,75,5,8,2
423,Student 423,2,Tutor D,2024-09-17,90,1,2,4
424,Student 424,2,Tutor D,2024-02-23,60,4,7,3
425,Student 425,3,Tutor E,2024-02-16,45,3,5,1
426,Student 426,2,Tutor B,2024-08-02,60,1,5,2
427,Student 427,1,Tutor D,2024-06-25,90,4,3,1
428,Student 428,5,Tutor E,2024-01-09,90,1,5,5
429,Student 429,5,Tutor B,2024-04-08,120,1,2,3
430,Student 430,4,Tutor E,2024-01-20,90,5,4,1
431,Student 431,2,Tutor E,2024-08-28,75,4,6,4
432,Student 432,1,Tutor D,2024-03-01,45,3,1,3
433,Student 433,4,Tutor B,2024-06-26,120,3,10,4
434,Student 434,3,Tutor D,2024-12-03,75,4,4,1
435,Student 435,4,Tutor A,2024-03-02,60,5,6,3
436,Student 436,4,Tutor A,2024-05-24,45,2,9,4
437,Student 437,2,Tutor B,2024-08-03,90,1,2,5
438,Student 438,3,Tutor E,2024-01-03,45,5,7,5
439,Student 439,4,Tutor D,2024-06-08,60,4,6,1
440,Student 440,1,Tutor D,2024-08-14,120,1,2,3
441,Student 441,1,Tutor B,2024-09-25,120,3,8,2
442,Student 442,5,Tutor B,2024-04-29,120,2,7,3
443,Student 443,3,Tutor A,2024-03-29,90,3,5,5
444,Student 444,3,Tutor C,2024-11-24,75,4,5,4
445,Student 445,5,Tutor B,2024-03-08,75,1,7,2
446,Student 446,4,Tutor C,2024-12-22,45,4,9,1
447,Student 447,3,Tutor B,2024-04-07,90,1,9,2
448,Student 448,1,Tutor E,2024-09-23,120,5,9,1
449,Student 449,1,Tutor E,2024-04-14,120,2,6,2
450,Student 450,2,Tutor A,2024-11-18,60,5,10,1
451,Student 451,3,Tutor A,2024-05-02,60,5,6,1
452,Student 452,4,Tutor C,2024-01-29,120,4,3,2
453,Student 453,5,Tutor B,2024-05-16,120,2,1,2
454,Student 454,5,Tutor D,2024-07-13,90,1,7,1
455,Student 455,4,Tutor A,2024-08-13,75,1,4,5
456,Student 456,2,Tutor D,2024-11-27,60,3,1,2
457,Student 457,5,Tutor D,2024-06-18,75,1,8,3
458,Student 458,3,Tutor B,2024-01-09,90,4,6,4
459,Student 459,2,Tutor C,2024-02-09,120,5,6,1
460,Student 460,3,Tutor B,2024-01-25,75,5,2,1
461,Student 461,1,Tutor A,2024-09-17,120,5,1,4
462,Student 462,2,Tutor D,2024-08-13,120,2,2,5
463,Student 463,5,Tutor B,2024-05-03,45,1,4,4
464,Student 464,2,Tutor B,2024-02-07,75,4,2,2
465,Student 465,2,Tutor B,2024-11-23,75,2,1,4
466,Student 466,2,Tutor A,2024-09-07,120,3,7,1
467,Student 467,2,Tutor C,2024-06-24,90,4,8,4
468,Student 468,3,Tutor B,2024-03-30,45,4,6,3
469,Student 469,1,Tutor A,2024-02-06,120,4,4,2
470,Student 470,4,Tutor D,2024-11-11,60,5,6,4
471,Student 471,2,Tutor E,2024-06-24,60,4,3,1
472,Student 472,5,Tutor A,2024-10-10,45,1,8,2
473,Student 473,2,Tutor E,2024-03-21,90,4,10,1
474,Student 474,5,Tutor B,2024-04-23,120,5,2,5
475,Student 475,3,Tutor B,2024-02-09,75,4,5,3
476,Student 476,5,Tutor A,2024-10-27,45,3,1,5
477,Student 477,4,Tutor E,2024-08-11,90,3,6,3
478,Student 478,1,Tutor B,2024-11-13,75,5,2,4
479,Student 479,5,Tutor D,2024-12-14,60,1,4,2
480,Student 480,5,Tutor C,2024-04-24,60,1,6,4
481,Student 481,1,Tutor C,2024-07-04,75,2,10,3
482,Student 482,4,Tutor B,2024-11-18,45,5,8,3
483,Student 483,2,Tutor E,2024-02-25,60,4,8,3
484,Student 484,5,Tutor B,2024-02-09,120,5,6,1
485,Student 485,1,Tutor E,2024-12-19,75,2,4,2
486,Student 486,3,Tutor D,2024-02-09,75,5,8,4
487,Student 487,1,Tutor E,2024-12-12,60,5,8,4
488,Student 488,3,Tutor B,2024-08-24,45,2,10,5
489,Student 489,4,Tutor D,2024-10-15,120,1,1,3
490,Student 490,2,Tutor A,2024-09-18,45,4,4,3
491,Student 491,1,Tutor C,2024-08-03,90,2,4,3
492,Student 492,5,Tutor B,2024-05-26,90,3,7,4
493,Student 493,4,Tutor B,2024-12-01,60,1,7,5
494,Student 494,1,Tutor B,2024-06-16,60,3,8,1
495,Student 495,5,Tutor D,2024-04-01,60,1,5,2
496,Student 496,1,Tutor A,2024-12-18,90,4,7,1
497,Student 497,3,Tutor E,2024-02-28,45,4,8,4
498,Student 498,1,Tutor A,2024-02-28,45,5,9,3
499,Student 499,1,Tutor D,2024-10-30,60,3,3,2
500,Student 500,1,Tutor B,2024-06-17,120,1,3,4
501,Student 501,4,Tutor C,2024-09-25,45,4,4,4
502,Student 502,1,Tutor B,2024-12-28,90,2,5,4
503,Student 503,5,Tutor E,2024-02-14,75,4,10,2
504,Student 504,3,Tutor C,2024-12-10,75,2,1,2
505,Student 505,3,Tutor B,2024-06-29,75,1,7,5
506,Student 506,1,Tutor C,2024-06-18,120,4,9,5
507,Student 507,4,Tutor A,2024-12-21,60,4,8,1
508,Student 508,4,Tutor D,2024-07-09,90,1,5,2
509,Student 509,5,Tutor B,2024-06-03,120,4,4,2
510,Student 510,1,Tutor E,2024-07-06,90,2,7,2
511,Student 511,3,Tutor A,2024-01-07,90,4,5,5
512,Student 512,4,Tutor B,2024-05-12,60,3,7,4
513,Student 513,1,Tutor A,2024-08-22,75,5,1,3
514,Student 514,4,Tutor E,2024-02-14,60,2,1,5
515,Student 515,4,Tutor B,2024-11-09,120,3,10,2
516,Student 516,3,Tutor E,2024-09-05,120,1,3,5
517,Student 517,2,Tutor C,2024-01-31,120,2,2,1
518,Student 518,5,Tutor E,2024-01-23,60,5,2,2
519,Student 519,5,Tutor C,2024-06-08,90,5,7,1
520,Student 520,3,Tutor B,2024-12-28,90,1,10,2
521,Student 521,4,Tutor C,2024-06-06,45,1,2,5
522,Student 522,1,Tutor B,2024-02-08,120,2,4,4
523,Student 523,4,Tutor B,2024-03-22,90,4,2,3
524,Student 524,3,Tutor D,2024-12-21,45,1,6,1
525,Student 525,5,Tutor B,2024-09-14,90,4,8,5
526,Student 526,4,Tutor C,2024-07-24,120,3,10,4
527,Student 527,5,Tutor D,2024-03-17,75,5,4,5
528,Student 528,1,Tutor D,2024-01-12,120,4,5,1
529,Student 529,5,Tutor B,2024-10-21,60,5,4,3
530,Student 530,5,Tutor E,2024-08-11,90,4,3,5
531,Student 531,2,Tutor E,2024-01-13,90,3,5,2
532,Student 532,2,Tutor D,2024-02-15,60,1,9,4
533,Student 533,2,Tutor B,2024-06-03,60,3,8,5
534,Student 534,5,Tutor E,2024-04-22,75,1,8,4
535,Student 535,3,Tutor B,2024-08-20,90,1,8,2
536,Student 536,5,Tutor B,2024-01-17,90,5,8,3
537,Student 537,3,Tutor D,2024-12-25,75,3,7,3
538,Student 538,3,Tutor D,2024-08-10,45,4,8,2
539,Student 539,2,Tutor A,2024-12-19,75,3,8,4
540,Student 540,4,Tutor E,2024-07-06,120,5,8,5
541,Student 541,1,Tutor E,2024-12-09,90,1,10,2
542,Student 542,2,Tutor E,2024-12-30,60,5,7,1
543,Student 543,2,Tutor C,2024-06-11,120,2,1,4
544,Student 544,4,Tutor B,2024-11-21,90,2,4,3
545,Student 545,1,Tutor D,2024-03-14,75,4,4,2
546,Student 546,5,Tutor E,2024-08-20,120,5,5,3
547,Student 547,5,Tutor A,2024-08-11,90,4,10,4
548,Student 548,2,Tutor E,2024-11-14,45,4,6,3
549,Student 549,1,Tutor B,2024-02-29,45,2,4,2
550,Student 550,2,Tutor B,2024-11-30,60,4,2,4
551,Student 551,3,Tutor D,2024-08-09,90,2,6,1
552,Student 552,2,Tutor C,2024-02-06,45,1,8,2
553,Student 553,2,Tutor D,2024-10-04,75,5,8,5
554,Student 554,5,Tutor E,2024-07-14,90,4,7,2
555,Student 555,5,Tutor A,2024-12-17,75,2,6,4
556,Student 556,5,Tutor D,2024-08-29,75,3,2,2
557,Student 557,3,Tutor C,2024-11-19,45,4,7,1
558,Student 558,5,Tutor D,2024-08-06,90,1,5,1
559,Student 559,1,Tutor B,2024-07-10,120,1,6,5
560,Student 560,4,Tutor E,2024-01-17,45,3,10,3
561,Student 561,1,Tutor E,2024-01-12,45,2,8,4
562,Student 562,1,Tutor E,2024-07-11,90,4,8,4
563,Student 563,5,Tutor E,2024-01-22,90,2,3,3
564,Student 564,4,Tutor E,2024-04-29,75,1,7,1
565,Student 565,4,Tutor E,2024-07-28,90,2,1,1
566,Student 566,4,Tutor A,2024-11-01,75,1,1,2
567,Student 567,3,Tutor C,2024-09-26,45,2,7,5
568,Student 568,5,Tutor E,2024-07-10,60,3,10,5
569,Student 569,4,Tutor C,2024-06-23,120,5,9,5
570,Student 570,3,Tutor E,2024-10-11,45,3,7,2
571,Student 571,2,Tutor D,2024-07-22,90,3,10,5
572,Student 572,2,Tutor E,2024-06-12,120,5,5,3
573,Student 573,3,Tutor B,2024-09-07,60,5,8,2
574,Student 574,3,Tutor A,2024-08-14,60,4,2,3
575,Student 575,5,Tutor D,2024-01-07,75,4,9,2
576,Student 576,5,Tutor D,2024-01-29,120,3,6,5
577,Student 577,2,Tutor B,2024-02-02,75,3,9,3
578,Student 578,4,Tutor E,2024-05-13,45,1,2,3
579,Student 579,2,Tutor A,2024-03-19,120,1,3,3
580,Student 580,4,Tutor D,2024-02-27,45,4,8,2
581,Student 581,4,Tutor A,2024-01-26,75,4,1,4
582,Student 582,5,Tutor D,2024-08-13,120,1,10,5
583,Student 583,1,Tutor E,2024-10-11,75,1,7,3
584,Student 584,1,Tutor D,2024-01-04,120,2,7,4
585,Student 585,3,Tutor D,2024-04-08,75,2,1,5
586,Student 586,5,Tutor C,2024-02-08,60,1,9,5
587,Student 587,4,Tutor E,2024-09-27,75,2,8,3
588,Student 588,1,Tutor B,2024-10-11,60,5,4,3
589,Student 589,4,Tutor B,2024-06-05,75,4,10,2
590,Student 590,1,Tutor E,2024-03-15,120,4,5,4
591,Student 591,1,Tutor B,2024-10-14,120,1,2,4
592,Student 592,1,Tutor E,2024-05-09,120,3,9,3
593,Student 593,5,Tutor B,2024-06-23,90,1,6,5
594,Student 594,2,Tutor C,2024-03-24,45,2,3,3
595,Student 595,4,Tutor B,2024-01-22,120,3,7,5
596,Student 596,5,Tutor D,2024-01-27,60,2,9,5
597,Student 597,5,Tutor E,2024-07-13,120,5,3,3
598,Student 598,5,Tutor A,2024-12-02,90,2,2,1
599,Student 599,5,Tutor A,2024-08-23,60,5,7,4
600,Student 600,5,Tutor E,2024-04-01,90,5,7,5
601,Student 601,3,Tutor C,2024-01-21,60,2,4,5
602,Student 602,4,Tutor B,2024-10-29,75,2,9,1
603,Student 603,5,Tutor C,2024-12-22,45,5,8,2
604,Student 604,4,Tutor A,2024-03-24,45,3,1,1
605,Student 605,3,Tutor E,2024-09-18,90,5,1,1
606,Student 606,3,Tutor E,2024-05-26,45,4,5,5
607,Student 607,4,Tutor C,2024-09-13,90,5,6,4
608,Student 608,1,Tutor C,2024-02-27,90,3,3,1
609,Student 609,2,Tutor B,2024-01-15,90,4,9,2
610,Student 610,1,Tutor D,2024-06-10,45,1,10,3
611,Student 611,1,Tutor D,2024-06-11,90,1,6,1
612,Student 612,1,Tutor B,2024-11-15,45,3,4,1
613,Student 613,5,Tutor D,2024-10-07,90,5,7,2
614,Student 614,3,Tutor A,2024-10-06,120,2,8,4
615,Student 615,1,Tutor D,2024-01-12,90,3,9,1
616,Student 616,3,Tutor B,2024-09-30,60,4,6,1
617,Student 617,4,Tutor D,2024-09-27,90,4,6,4
618,Student 618,2,Tutor E,2024-07-26,75,1,8,2
619,Student 619,4,Tutor C,2024-01-27,90,4,5,1
620,Student 620,4,Tutor A,2024-03-12,60,3,3,4
621,Student 621,5,Tutor E,2024-02-29,60,4,3,1
622,Student 622,2,Tutor E,2024-05-24,45,3,6,3
623,Student 623,4,Tutor B,2024-04-02,120,2,2,5
624,Student 624,4,Tutor C,2024-11-04,90,1,6,3
625,Student 625,2,Tutor C,2024-01-08,45,4,6,1
626,Student 626,2,Tutor A,2024-03-19,120,3,8,2
627,Student 627,4,Tutor B,2024-01-27,90,5,7,5
628,Student 628,2,Tutor A,2024-06-22,75,1,8,3
629,Student 629,4,Tutor D,2024-02-19,90,2,9,4
630,Student 630,4,Tutor E,2024-07-17,60,3,6,2
631,Student 631,5,Tutor A,2024-12-14,60,2,3,3
632,Student 632,1,Tutor E,2024-06-29,75,2,10,4
633,Student 633,4,Tutor B,2024-01-24,45,4,3,1
634,Student 634,3,Tutor D,2024-11-11,120,4,1,4
635,Student 635,1,Tutor B,2024-02-15,90,3,5,3
636,Student 636,1,Tutor D,2024-01-15,60,5,4,3
637,Student 637,1,Tutor D,2024-06-01,45,3,9,1
638,Student 638,5,Tutor E,2024-08-09,75,5,9,4
639,Student 639,4,Tutor B,2024-07-24,60,2,5,4
640,Student 640,5,Tutor B,2024-09-29,75,1,10,1
641,Student 641,4,Tutor A,2024-08-23,90,3,4,4
642,Student 642,5,Tutor B,2024-12-05,120,3,7,1
643,Student 643,5,Tutor A,2024-08-15,60,5,6,2
644,Student 644,3,Tutor C,2024-01-09,60,2,4,3
645,Student 645,5,Tutor C,2024-06-14,90,2,10,2
646,Student 646,2,Tutor C,2024-11-14,45,5,2,5
647,Student 647,3,Tutor B,2024-08-01,120,2,1,5
648,Student 648,5,Tutor B,2024-04-26,60,4,4,5
649,Student 649,1,Tutor A,2024-12-09,120,1,4,1
650,Student 650,2,Tutor D,2024-03-12,60,3,1,4
651,Student 651,2,Tutor A,2024-03-04,120,1,6,2
652,Student 652,2,Tutor C,2024-07-23,75,3,4,2
653,Student 653,3,Tutor A,2024-07-27,60,4,1,2
654,Student 654,5,Tutor D,2024-03-12,120,2,1,2
655,Student 655,5,Tutor B,2024-10-03,45,5,1,5
656,Student 656,1,Tutor A,2024-09-30,75,4,8,2
657,Student 657,1,Tutor C,2024-11-15,75,1,10,4
658,Student 658,2,Tutor C,2024-12-03,45,5,8,5
659,Student 659,1,Tutor B,2024-12-31,120,2,2,2
660,Student 660,3,Tutor A,2024-04-04,90,4,7,1
661,Student 661,5,Tutor D,2024-06-14,45,5,8,3
662,Student 662,2,Tutor B,2024-02-01,120,4,8,3
663,Student 663,1,Tutor A,2024-01-11,45,4,10,3
664,Student 664,3,Tutor E,2024-10-27,45,2,7,5
665,Student 665,3,Tutor C,2024-08-04,60,3,5,2
666,Student 666,1,Tutor D,2024-10-15,120,5,1,5
667,Student 667,5,Tutor D,2024-04-11,90,2,9,4
668,Student 668,1,Tutor D,2024-09-23,60,4,7,1
669,Student 669,2,Tutor C,2024-08-01,45,2,2,1
670,Student 670,1,Tutor A,2024-06-27,45,3,6,3
671,Student 671,3,Tutor B,2024-03-28,45,5,2,3
672,Student 672,1,Tutor A,2024-02-10,120,3,1,3
673,Student 673,5,Tutor B,2024-03-16,120,1,7,2
674,Student 674,4,Tutor D,2024-02-15,60,5,2,4
675,Student 675,1,Tutor A,2024-06-08,90,3,2,4
676,Student 676,5,Tutor D,2024-03-20,60,4,5,4
677,Student 677,5,Tutor E,2024-11-05,75,5,5,4
678,Student 678,3,Tutor D,2024-03-26,45,5,7,3
679,Student 679,5,Tutor D,2024-04-01,45,2,1,1
680,Student 680,5,Tutor B,2024-05-27,45,4,8,3
681,Student 681,5,Tutor E,2024-06-09,60,1,3,4
682,Student 682,5,Tutor D,2024-07-20,60,3,4,3
683,Student 683,2,Tutor D,2024-08-29,45,2,9,4
684,Student 684,2,Tutor E,2024-12-18,60,3,4,5
685,Student 685,3,Tutor E,2024-01-02,120,1,10,1
686,Student 686,1,Tutor A,2024-08-12,120,1,5,5
687,Student 687,5,Tutor B,2024-10-15,60,5,7,2
688,Student 688,1,Tutor E,2024-08-20,45,1,4,3
689,Student 689,1,Tutor E,2024-03-17,60,3,1,2
690,Student 690,3,Tutor C,2024-04-25,60,4,9,3
691,Student 691,5,Tutor E,2024-06-02,60,4,4,5
692,Student 692,5,Tutor B,2024-04-12,75,5,9,4
693,Student 693,4,Tutor D,2024-07-12,120,3,6,4
694,Student 694,1,Tutor D,2024-06-14,90,3,1,3
695,Student 695,1,Tutor D,2024-12-24,90,1,3,4
696,Student 696,2,Tutor D,2024-03-30,75,3,2,5
697,Student 697,4,Tutor C,2024-06-22,60,2,9,4
698,Student 698,2,Tutor E,2024-05-01,75,1,1,5
699,Student 699,2,Tutor D,2024-05-22,75,2,9,2
700,Student 700,2,Tutor A,2024-04-15,45,5,9,5
701,Student 701,3,Tutor D,2024-10-31,120,4,8,1
702,Student 702,3,Tutor E,2024-12-25,90,5,8,1
703,Student 703,2,Tutor D,2024-11-12,60,4,1,1
704,Student 704,4,Tutor C,2024-05-02,90,5,8,3
705,Student 705,1,Tutor B,2024-01-09,90,3,10,3
706,Student 706,4,Tutor B,2024-09-18,120,2,3,3
707,Student 707,5,Tutor E,2024-03-13,90,4,7,5
708,Student 708,3,Tutor B,2024-12-24,90,1,1,3
709,Student 709,1,Tutor B,2024-08-10,75,2,1,2
710,Student 710,1,Tutor A,2024-02-10,120,1,10,1
711,Student 711,5,Tutor E,2024-07-22,45,2,5,5
712,Student 712,5,Tutor E,2024-09-20,60,2,5,1
713,Student 713,2,Tutor B,2024-11-23,90,5,8,3
714,Student 714,3,Tutor B,2024-06-26,60,4,7,5
715,Student 715,3,Tutor B,2024-12-13,45,4,8,4
716,Student 716,4,Tutor C,2024-11-13,60,2,6,2
717,Student 717,2,Tutor D,2024-03-24,45,3,6,3
718,Student 718,2,Tutor C,2024-11-13,75,3,2,3
719,Student 719,2,Tutor E,2024-04-20,90,1,6,2
720,Student 720,2,Tutor A,2024-09-07,45,1,5,2
721,Student 721,3,Tutor D,2024-01-07,60,5,3,4
722,Student 722,3,Tutor A,2024-03-24,90,2,6,3
723,Student 723,2,Tutor E,2024-07-26,75,1,8,3
724,Student 724,4,Tutor E,2024-11-09,90,1,9,1
725,Student 725,1,Tutor A,2024-01-22,45,2,1,5
726,Student 726,1,Tutor A,2024-01-03,75,5,3,5
727,Student 727,4,Tutor A,2024-05-06,60,1,3,1
728,Student 728,2,Tutor E,2024-10-23,75,5,8,5
729,Student 729,3,Tutor B,2024-07-06,75,4,1,2
730,Student 730,1,Tutor A,2024-12-27,120,5,5,5
731,Student 731,5,Tutor D,2024-01-14,75,3,3,5
732,Student 732,5,Tutor E,2024-01-12,75,3,2,1
733,Student 733,4,Tutor C,2024-03-27,90,5,8,4
734,Student 734,2,Tutor C,2024-01-12,60,3,3,5
735,Student 735,1,Tutor D,2024-01-25,90,4,7,5
736,Student 736,2,Tutor B,2024-10-27,90,2,1,4
737,Student 737,1,Tutor A,2024-08-30,45,3,6,1
738,Student 738,4,Tutor E,2024-05-01,90,3,3,4
739,Student 739,4,Tutor A,2024-05-26,120,5,8,1
740,Student 740,5,Tutor E,2024-02-24,120,4,6,2
741,Student 741,2,Tutor C,2024-08-25,45,2,2,1
742,Student 742,5,Tutor A,2024-12-21,60,5,6,2
743,Student 743,2,Tutor D,2024-06-21,60,5,7,2
744,Student 744,5,Tutor B,2024-08-08,90,4,5,1
745,Student 745,3,Tutor D,2024-04-28,90,2,3,3
746,Student 746,3,Tutor B,2024-11-04,90,4,4,1
747,Student 747,3,Tutor A,2024-07-01,60,2,4,5
748,Student 748,3,Tutor A,2024-10-14,75,4,6,5
749,Student 749,1,Tutor B,2024-11-02,120,5,10,3
750,Student 750,3,Tutor C,2024-10-26,75,5,1,2
751,Student 751,4,Tutor E,2024-03-22,75,1,4,3
752,Student 752,4,Tutor D,2024-07-29,60,3,10,5
753,Student 753,1,Tutor D,2024-05-29,75,4,4,3
754,Student 754,3,Tutor D,2024-02-06,45,1,10,1
755,Student 755,3,Tutor A,2024-12-17,90,3,1,3
756,Student 756,3,Tutor D,2024-11-07,45,4,9,2
757,Student 757,5,Tutor E,2024-12-26,120,2,4,1
758,Student 758,2,Tutor E,2024-02-28,90,3,7,4
759,Student 759,5,Tutor B,2024-05-10,75,5,3,5
760,Student 760,2,Tutor A,2024-07-20,120,1,10,5
761,Student 761,3,Tutor E,2024-08-30,90,3,3,3
762,Student 762,3,Tutor C,2024-02-04,75,3,8,1
763,Student 763,5,Tutor A,2024-04-02,45,5,8,4
764,Student 764,5,Tutor A,2024-07-25,90,4,1,1
765,Student 765,2,Tutor E,2024-12-18,75,2,10,5
766,Student 766,4,Tutor C,2024-11-27,45,5,2,1
767,Student 767,2,Tutor B,2024-10-31,120,2,8,4
768,Student 768,5,Tutor E,2024-12-15,120,4,1,3
769,Student 769,5,Tutor C,2024-07-31,120,3,8,2
770,Student 770,1,Tutor A,2024-06-07,120,2,8,1
771,Student 771,5,Tutor C,2024-01-24,60,1,2,2
772,Student 772,1,Tutor A,2024-10-19,90,1,4,5
773,Student 773,4,Tutor E,2024-01-04,90,5,6,3
774,Student 774,2,Tutor E,2024-08-07,60,4,9,3
775,Student 775,2,Tutor D,2024-12-29,75,5,8,1
776,Student 776,1,Tutor D,2024-01-20,75,5,8,3
777,Student 777,2,Tutor D,2024-05-31,120,5,7,1
778,Student 778,5,Tutor E,2024-02-19,45,1,9,1
779,Student 779,3,Tutor B,2024-06-25,75,1,2,2
780,Student 780,1,Tutor E,2024-04-05,45,5,3,3
781,Student 781,2,Tutor C,2024-04-14,90,1,10,1
782,Student 782,1,Tutor E,2024-09-06,45,4,8,2
783,Student 783,1,Tutor E,2024-04-26,90,5,6,4
784,Student 784,3,Tutor A,2024-12-19,60,1,10,2
785,Student 785,5,Tutor A,2024-08-15,60,2,9,2
786,Student 786,1,Tutor A,2024-03-06,120,5,10,1
787,Student 787,2,Tutor E,2024-11-30,75,5,4,5
788,Student 788,4,Tutor B,2024-09-18,120,4,8,5
789,Student 789,1,Tutor C,2024-10-21,90,3,10,5
790,Student 790,1,Tutor C,2024-08-30,120,3,3,2
791,Student 791,3,Tutor B,2024-07-04,45,4,3,1
792,Student 792,5,Tutor B,2024-09-02,90,4,8,3
793,Student 793,4,Tutor C,2024-05-04,60,4,5,2
794,Student 794,2,Tutor D,2024-09-24,75,3,3,2
795,Student 795,4,Tutor A,2024-05-10,90,4,10,1
796,Student 796,2,Tutor A,2024-08-24,90,1,1,4
797,Student 797,5,Tutor C,2024-01-18,45,5,3,2
798,Student 798,2,Tutor B,2024-02-09,75,5,9,4
799,Student 799,3,Tutor D,2024-01-21,60,2,5,4
800,Student 800,3,Tutor C,2024-08-12,90,2,10,5
801,Student 801,3,Tutor A,2024-12-20,90,5,2,1
802,Student 802,3,Tutor E,2024-10-08,45,1,7,4
803,Student 803,4,Tutor B,2024-01-08,120,3,2,1
804,Student 804,5,Tutor E,2024-04-09,60,3,4,5
805,Student 805,2,Tutor C,2024-08-27,75,1,7,1
806,Student 806,2,Tutor A,2024-03-27,90,3,4,2
807,Student 807,3,Tutor D,2024-10-24,90,4,7,4
808,Student 808,3,Tutor E,2024-01-14,60,5,7,1
809,Student 809,1,Tutor D,2024-11-29,120,5,1,3
810,Student 810,5,Tutor A,2024-01-02,90,1,6,1
811,Student 811,4,Tutor E,2024-10-19,60,3,9,4
812,Student 812,2,Tutor D,2024-11-20,45,2,2,5
813,Student 813,1,Tutor D,2024-02-10,120,2,3,5
814,Student 814,1,Tutor E,2024-11-13,75,3,10,4
815,Student 815,2,Tutor A,2024-11-11,90,2,5,2
816,Student 816,4,Tutor D,2024-04-20,60,1,9,2
817,Student 817,1,Tutor C,2024-01-14,45,1,4,5
818,Student 818,1,Tutor E,2024-08-18,75,3,1,5
819,Student 819,5,Tutor B,2024-03-24,60,2,4,4
820,Student 820,4,Tutor B,2024-05-09,60,1,6,2
821,Student 821,1,Tutor A,2024-08-18,75,1,5,5
822,Student 822,4,Tutor C,2024-11-21,45,4,1,2
823,Student 823,2,Tutor D,2024-05-24,45,4,4,5
824,Student 824,3,Tutor B,2024-12-10,120,1,6,1
825,Student 825,1,Tutor A,2024-01-28,90,3,10,3
826,Student 826,5,Tutor C,2024-03-06,75,5,10,1
827,Student 827,2,Tutor C,2024-06-11,75,5,4,5
828,Student 828,4,Tutor A,2024-08-16,75,1,9,3
829,Student 829,2,Tutor A,2024-09-17,45,1,5,3
830,Student 830,1,Tutor D,2024-06-12,90,1,8,5
831,Student 831,4,Tutor A,2024-10-27,120,3,9,5
832,Student 832,3,Tutor D,2024-10-29,60,4,10,2
833,Student 833,2,Tutor D,2024-10-13,60,1,5,5
834,Student 834,1,Tutor E,2024-01-10,75,1,6,4
835,Student 835,5,Tutor C,2024-07-13,90,2,1,5
836,Student 836,4,Tutor C,2024-04-27,45,3,7,4
837,Student 837,2,Tutor C,2024-09-26,90,1,4,5
838,Student 838,2,Tutor E,2024-03-20,90,2,2,2
839,Student 839,3,Tutor D,2024-04-02,45,5,5,4
840,Student 840,3,Tutor D,2024-09-22,75,1,3,1
841,Student 841,5,Tutor A,2024-11-27,90,1,6,4
842,Student 842,5,Tutor E,2024-12-15,60,2,8,2
843,Student 843,1,Tutor A,2024-12-26,45,3,7,4
844,Student 844,1,Tutor E,2024-09-13,120,1,3,5
845,Student 845,5,Tutor A,2024-05-12,75,5,8,5
846,Student 846,5,Tutor B,2024-10-02,45,1,2,2
847,Student 847,4,Tutor C,2024-09-20,120,5,10,3
848,Student 848,3,Tutor C,2024-06-19,120,4,9,5
849,Student 849,1,Tutor D,2024-01-01,90,4,4,1
850,Student 850,3,Tutor B,2024-11-08,90,5,1,2
851,Student 851,3,Tutor C,2024-03-04,90,3,8,4
852,Student 852,5,Tutor D,2024-10-10,45,1,7,4
853,Student 853,4,Tutor B,2024-04-30,45,1,5,1
854,Student 854,2,Tutor C,2024-04-16,75,4,10,5
855,Student 855,4,Tutor A,2024-06-23,90,5,5,2
856,Student 856,4,Tutor E,2024-07-22,120,1,7,1
857,Student 857,3,Tutor B,2024-06-13,60,1,5,5
858,Student 858,4,Tutor D,2024-10-31,75,3,8,2
859,Student 859,1,Tutor B,2024-04-29,45,2,6,4
860,Student 860,3,Tutor D,2024-02-13,75,4,5,2
861,Student 861,1,Tutor B,2024-11-07,75,4,9,3
862,Student 862,2,Tutor D,2024-06-04,75,2,2,2
863,Student 863,3,Tutor C,2024-07-25,75,1,1,3
864,Student 864,2,Tutor A,2024-04-17,60,3,8,2
865,Student 865,3,Tutor C,2024-09-07,90,3,3,3
866,Student 866,5,Tutor A,2024-11-29,120,4,7,4
867,Student 867,4,Tutor C,2024-05-09,75,3,10,5
868,Student 868,5,Tutor C,2024-10-19,75,2,8,3
869,Student 869,2,Tutor B,2024-01-20,75,1,6,3
870,Student 870,4,Tutor E,2024-10-08,90,2,10,4
871,Student 871,3,Tutor D,2024-10-11,45,5,9,3
872,Student 872,4,Tutor D,2024-01-01,45,4,7,1
873,Student 873,1,Tutor D,2024-04-28,60,3,10,4
874,Student 874,4,Tutor A,2024-02-04,45,5,5,1
875,Student 875,1,Tutor D,2024-07-16,75,3,8,4
876,Student 876,4,Tutor D,2024-09-01,75,1,2,3
877,Student 877,1,Tutor B,2024-02-28,75,1,7,1
878,Student 878,2,Tutor C,2024-11-20,60,1,4,3
879,Student 879,5,Tutor D,2024-06-09,75,3,9,4
880,Student 880,3,Tutor E,2024-06-27,45,5,1,3
881,Student 881,4,Tutor D,2024-07-24,90,1,7,1
882,Student 882,5,Tutor A,2024-01-12,90,5,6,1
883,Student 883,3,Tutor A,2024-10-02,120,3,8,3
884,Student 884,3,Tutor A,2024-06-29,45,5,5,2
885,Student 885,1,Tutor D,2024-08-29,75,3,1,4
886,Student 886,2,Tutor B,2024-08-03,90,3,1,4
887,Student 887,2,Tutor E,2024-09-07,45,4,9,3
888,Student 888,5,Tutor D,2024-10-25,90,3,10,2
889,Student 889,2,Tutor B,2024-05-05,75,3,6,1
890,Student 890,4,Tutor B,2024-08-04,90,2,10,5
891,Student 891,2,Tutor D,2024-11-01,120,1,5,5
892,Student 892,5,Tutor D,2024-10-11,120,4,1,3
893,Student 893,2,Tutor B,2024-07-03,90,4,6,2
894,Student 894,4,Tutor B,2024-02-08,45,4,6,2
895,Student 895,1,Tutor B,2024-08-10,45,2,3,4
896,Student 896,5,Tutor D,2024-07-02,45,3,8,1
897,Student 897,1,Tutor B,2024-06-26,90,1,1,2
898,Student 898,1,Tutor A,2024-10-20,45,5,1,5
899,Student 899,1,Tutor D,2024-12-05,75,3,6,1
900,Student 900,3,Tutor A,2024-05-30,120,2,10,1
901,Student 901,3,Tutor C,2024-05-05,75,3,1,3
902,Student 902,1,Tutor D,2024-10-27,45,3,6,2
903,Student 903,5,Tutor C,2024-11-03,75,2,1,3
904,Student 904,4,Tutor B,2024-12-01,45,4,6,2
905,Student 905,4,Tutor B,2024-08-21,90,4,3,4
906,Student 906,2,Tutor E,2024-01-08,75,1,8,3
907,Student 907,5,Tutor B,2024-12-06,90,1,6,3
908,Student 908,3,Tutor C,2024-05-08,90,4,1,5
909,Student 909,1,Tutor B,2024-09-20,60,5,5,3
910,Student 910,2,Tutor D,2024-06-05,45,3,8,2
911,Student 911,4,Tutor B,2024-12-17,120,5,3,5
912,Student 912,3,Tutor E,2024-12-23,45,3,6,3
913,Student 913,3,Tutor B,2024-01-05,120,4,5,3
914,Student 914,1,Tutor C,2024-03-26,45,1,6,4
915,Student 915,4,Tutor C,2024-06-23,90,1,10,3
916,Student 916,5,Tutor B,2024-10-16,75,5,1,1
917,Student 917,3,Tutor C,2024-07-11,75,1,7,5
918,Student 918,1,Tutor C,2024-11-06,60,4,9,1
919,Student 919,5,Tutor E,2024-04-28,120,5,2,5
920,Student 920,4,Tutor D,2024-08-05,120,3,10,4
921,Student 921,3,Tutor E,2024-04-23,120,1,5,3
922,Student 922,5,Tutor A,2024-05-24,90,2,10,3
923,Student 923,5,Tutor E,2024-01-26,120,1,4,3
924,Student 924,5,Tutor B,2024-05-15,75,3,6,5
925,Student 925,3,Tutor D,2024-10-29,90,5,6,3
926,Student 926,3,Tutor B,2024-08-19,45,3,2,1
927,Student 927,2,Tutor A,2024-03-16,120,2,2,3
928,Student 928,4,Tutor D,2024-11-23,120,4,4,4
929,Student 929,1,Tutor C,2024-12-10,45,1,1,1
930,Student 930,5,Tutor E,2024-10-28,120,5,9,3
931,Student 931,2,Tutor B,2024-10-15,45,4,7,3
932,Student 932,1,Tutor A,2024-01-01,90,3,7,2
933,Student 933,2,Tutor C,2024-05-26,75,5,3,5
934,Student 934,3,Tutor E,2024-10-13,45,4,3,1
935,Student 935,5,Tutor C,2024-05-21,60,5,1,2
936,Student 936,1,Tutor E,2024-02-22,45,2,3,4
937,Student 937,1,Tutor D,2024-10-30,120,2,3,5
938,Student 938,1,Tutor C,2024-03-09,90,1,4,1
939,Student 939,1,Tutor C,2024-12-26,90,1,4,3
940,Student 940,1,Tutor C,2024-03-30,45,2,3,1
941,Student 941,2,Tutor D,2024-08-07,75,5,10,3
942,Student 942,5,Tutor A,2024-07-10,60,2,8,5
943,Student 943,3,Tutor E,2024-03-03,90,1,8,3
944,Student 944,3,Tutor C,2024-03-13,120,2,1,4
945,Student 945,3,Tutor D,2024-06-09,120,2,7,3
946,Student 946,3,Tutor A,2024-06-17,75,5,2,4
947,Student 947,2,Tutor E,2024-03-29,90,4,1,5
948,Student 948,4,Tutor D,2024-06-24,45,1,3,5
949,Student 949,5,Tutor E,2024-09-25,120,5,4,1
950,Student 950,1,Tutor C,2024-03-13,75,2,6,4
951,Student 951,4,Tutor A,2024-09-01,90,2,10,4
952,Student 952,3,Tutor D,2024-03-17,90,4,5,2
953,Student 953,4,Tutor A,2024-06-07,90,1,4,2
954,Student 954,5,Tutor C,2024-11-19,90,1,8,2
955,Student 955,1,Tutor A,2024-04-07,90,3,4,3
956,Student 956,1,Tutor A,2024-04-11,120,1,10,2
957,Student 957,5,Tutor B,2024-05-11,75,4,2,4
958,Student 958,5,Tutor A,2024-04-11,90,3,3,3
959,Student 959,3,Tutor E,2024-01-19,60,3,6,5
960,Student 960,1,Tutor D,2024-03-22,60,2,8,1
961,Student 961,4,Tutor B,2024-10-05,75,2,8,2
962,Student 962,2,Tutor D,2024-12-04,45,1,9,5
963,Student 963,2,Tutor D,2024-12-30,45,3,7,4
964,Student 964,5,Tutor C,2024-11-26,45,2,2,1
965,Student 965,3,Tutor C,2024-05-08,60,4,8,5
966,Student 966,2,Tutor B,2024-12-09,45,2,7,1
967,Student 967,1,Tutor C,2024-11-05,120,2,8,2
968,Student 968,5,Tutor C,2024-03-29,90,3,3,4
969,Student 969,4,Tutor C,2024-07-31,60,3,7,1
970,Student 970,5,Tutor D,2024-05-22,75,5,10,5
971,Student 971,4,Tutor B,2024-03-05,75,4,9,2
972,Student 972,5,Tutor D,2024-03-16,90,3,3,2
973,Student 973,5,Tutor E,2024-07-17,60,1,10,5
974,Student 974,5,Tutor D,2024-05-22,45,4,6,5
975,Student 975,4,Tutor E,2024-11-11,45,4,2,1
976,Student 976,4,Tutor A,2024-04-02,120,3,2,3
977,Student 977,5,Tutor A,2024-10-31,120,4,5,2
978,Student 978,2,Tutor E,2024-08-11,45,3,5,1
979,Student 979,3,Tutor E,2024-10-17,75,2,7,5
980,Student 980,3,Tutor D,2024-04-11,75,5,2,1
981,Student 981,3,Tutor E,2024-09-23,120,2,7,5
982,Student 982,4,Tutor B,2024-12-20,90,3,5,4
983,Student 983,4,Tutor A,2024-04-19,45,3,6,5
984,Student 984,2,Tutor A,2024-11-25,120,2,8,5
985,Student 985,3,Tutor E,2024-09-21,120,1,10,5
986,Student 986,3,Tutor C,2024-01-03,45,1,4,3
987,Student 987,5,Tutor C,2024-03-25,45,1,7,5
988,Student 988,4,Tutor E,2024-10-08,75,3,6,2
989,Student 989,3,Tutor B,2024-11-23,90,4,10,2
990,Student 990,2,Tutor C,2024-10-30,90,3,2,1
991,Student 991,2,Tutor E,2024-04-26,45,4,8,3
992,Student 992,3,Tutor B,2024-08-08,60,2,10,1
993,Student 993,4,Tutor B,2024-06-02,120,5,9,2
994,Student 994,2,Tutor D,2024-06-01,120,4,5,2
995,Student 995,5,Tutor B,2024-01-12,45,1,10,4
996,Student 996,2,Tutor C,2024-05-12,60,3,4,5
997,Student 997,1,Tutor C,2024-10-30,75,2,6,2
998,Student 998,1,Tutor E,2024-10-19,45,1,8,1
999,Student 999,4,Tutor E,2024-10-26,45,2,3,1
1000,Student 1000,3,Tutor B,2024-08-15,120,5,10,5
